"time","S","I","R"
0,999,1,0
1,998.897568660866,1.05116176723356,0.051269571899943
2,998.78991408397,1.1049267523145,0.105159163715663
3,998.676762556272,1.16143075843122,0.161806685296991
4,998.557838578565,1.22081040558376,0.221351015851623
5,998.432851681506,1.28320968065238,0.283938637841492
6,998.301494351205,1.34878093055327,0.349724718241459
7,998.163444084479,1.41768384414375,0.418872071377147
8,998.018362965669,1.49008565113107,0.491551383199771
9,997.865896356849,1.56616175327471,0.567941889876188
10,997.705671933544,1.64609618465807,0.64823188179806
11,997.537299055233,1.73008190762144,0.732619037145297
12,997.360367756198,1.81832128923158,0.821310954570511
13,997.174447928933,1.91102648499365,0.91452558607401
14,996.979088388963,2.00841987684515,1.01249173419241
15,996.773815866344,2.11073454393378,1.11544958972227
16,996.55813399094,2.21821473401835,1.22365127504165
17,996.331522232332,2.33111635374435,1.337361413924
18,996.093434794567,2.4497074772262,1.45685772820682
19,995.843299471222,2.57426887026398,1.58243165851424
20,995.58051645639,2.70509453163453,1.71438901197602
21,995.304457110457,2.84249225151512,1.85305063802797
22,995.014462681267,2.98678418630821,1.99875313242477
23,994.709842980362,3.13830744946225,2.15184957017573
24,994.389875013484,3.2974147180239,2.31271026849263
25,994.053801565286,3.46447485426388,2.48172358045
26,993.700829738313,3.63987354160064,2.65929672008604
27,993.330129446486,3.82401393387495,2.84585661963883
28,992.940831863619,4.01731731682538,3.04185081955603
29,992.532027827749,4.22022378039515,3.24774839185555
30,992.102766202406,4.43319290025473,3.46404089733911
31,991.652052196273,4.65670442665392,3.69124337707368
32,991.178845643128,4.89125897841836,3.92989537845393
33,990.682059244381,5.13737873957734,4.18056201604143
34,990.160556777009,5.39560815574955,4.44383506724196
35,989.613151270251,5.66651462701995,4.72033410272891
36,989.038603155042,5.9506891936113,5.01070765134669
37,988.435618390782,6.24874721018644,5.31563439903185
38,987.802846574821,6.56132900411015,5.63582442106895
39,987.138879040798,6.88910051245052,5.97202044675091
40,986.442246952855,7.23275389190672,6.32499915523807
41,985.711419403683,7.59300809521303,6.69557250110389
42,984.9448015254,7.97060940688438,7.08458906771552
43,984.140732623339,8.36633193043757,7.492935446223
44,983.297484344039,8.78097801844323,7.9215376375179
45,982.413258889994,9.21537863593628,8.37136247406984
46,981.486187295108,9.67039364683864,8.84341905805377
47,980.514327776231,10.146912012128,9.33876021164105
48,979.495664177737,10.6458518875231,9.85848393473978
49,978.428104527715,11.1681606074515,10.4037348648338
50,977.309479726089,11.7148145410293,10.9757057328822
51,976.137542386789,12.2868188047104,11.5756388085003
52,974.909965857974,12.8852068151759,12.2048273268504
53,973.62434344625,13.5110396649303,12.8646168888196
54,972.278187872874,14.1654053019668,13.5564068251593
55,970.868930991922,14.8494174937774,14.281651514301
56,969.393923802532,15.5642145549181,15.0418616425502
57,967.850436789372,16.3109578163321,15.8386053942956
58,966.235660627557,17.0908298136878,16.6735095587557
59,964.546707290223,17.9050321711479,17.5482605386291
60,962.780611598925,18.7547831562619,18.4646052448129
61,960.934333258761,19.6413148811114,19.4243518601274
62,959.0047594218,20.5658701244713,20.4293704537283
63,956.988707823768,21.5296987496077,21.4815934266242
64,954.882930540074,22.534053692478,22.5830157674483
65,952.684118408058,23.5801864955591,23.7356950963826
66,950.388906162717,24.6693423633695,24.9417514739133
67,947.993878333056,25.8027547170148,26.2033669499288
68,945.495575945584,26.9816392268352,27.522784827581
69,942.890504080141,28.2071873045219,28.9023086153373
70,940.17514032125,29.4805590389592,30.3443006397905
71,937.345944145321,30.8028755635882,31.851180291091
72,934.399367280292,32.1752108473466,33.4254218723609
73,931.331865069577,33.5985829062523,35.0695520241705
74,928.139908866316,35.0739444385265,36.7861466951579
75,924.819999477003,36.6021728928193,38.5778276301779
76,921.368681665328,38.1840599866434,40.4472583480281
77,917.782559717586,39.820300700548,42.397139581866
78,914.058314060197,41.5114817828702,44.4302041569329
79,910.192718907739,43.2580698100647,46.5492112821958
80,906.18266090638,45.0603988585839,48.7569402350364
81,902.025158722804,46.9186578559867,51.0561834212086
82,897.717383512734,48.8328776912936,53.4497387959722
83,893.256680185926,50.8029181774413,55.9404016366323
84,888.640589366467,52.8284549718472,58.5309556616859
85,883.866869928215,54.9089665743786,61.2241634974061
86,878.933521965834,57.0437215351727,64.0227564989926
87,873.838810042133,59.2317660175082,66.9294239403588
88,868.581286532847,61.4719118729629,69.9468015941902
89,863.159814870886,63.7627253970617,73.0774597320517
90,857.573592473869,66.1025169431565,76.3238905829741
91,851.822173121968,68.4893315799905,79.6884952980412
92,845.90548853825,70.9209409838453,83.173570477904
93,839.823868910813,73.3948367593055,86.7812943298807
94,833.578062091842,75.9082253787301,90.5137125294276
95,827.169251177256,78.4580249449824,94.3727238777606
96,820.599070224159,81.0408639348223,98.3600658410186
97,813.869617799879,83.6530821171771,102.477300082944
98,806.983468109847,86.2907337902066,106.725798099946
99,799.94367943754,88.9495934823424,111.106727080117
100,792.753799665717,91.6251642235578,115.621036110725
101,785.417868660945,94.3126884739703,120.269442865084
102,777.940417333042,97.0071617631988,125.052420903758
103,770.326463216203,99.7033490579528,129.970187725844
104,762.58150245613,102.395803837343,135.022693706526
105,754.711498130376,105.07888981472,140.209612054903
106,746.722864875351,107.746805202655,145.530329921993
107,738.62244984267,110.393609374711,150.983940782619
108,730.417510058562,113.013251734992,156.569238206446
109,722.115686312063,115.599602564965,162.284711122971
110,713.724973749365,118.146485577883,168.128540672752
111,705.253689402041,120.647711875219,174.09859872274
112,696.710436924493,123.097114967975,180.192448107531
113,688.104068859972,125.488586499259,186.407344640769
114,679.443646793576,127.816112284176,192.740240922247
115,670.738399783999,130.073808269329,199.187791946671
116,661.997681492442,132.25595600759,205.746362499967
117,653.230926446481,134.357037244729,212.41203630879
118,644.447605888299,136.371767222791,219.18062688891
119,635.657183660245,138.295126321019,226.047690018735
120,626.869072576197,140.122389677959,233.008537745843
121,618.092591714828,141.849154467906,240.058253817265
122,609.336925051003,143.471364540194,247.191710408801
123,600.611081814771,144.985332170181,254.403586015048
124,591.923858934498,146.387756715142,261.688384350359
125,583.28380588258,147.67574001561,269.040454101809
126,574.699192200248,148.846798431253,276.454009368498
127,566.177977929637,149.898871453432,283.92315061693
128,557.727787140684,150.830326877825,291.44188598149
129,549.355884682774,151.639962579407,299.004152737817
130,541.069156250413,152.327004967627,306.603838781959
131,532.874091800537,152.891104247952,314.23480395151
132,524.776772315869,153.332326650707,321.890901033423
133,516.782859866663,153.651143821958,329.565996311378
134,508.897590883787,153.84841959982,337.253989516392
135,501.125772521923,153.925394422134,344.948833055942
136,493.471781961466,153.883667628819,352.644550409715
137,485.939568472251,153.725177934187,360.335253593561
138,478.532658041573,153.452182351246,368.015159607179
139,471.254160353029,153.067233851739,375.678605795231
140,464.106777891465,152.573158042818,383.320064065716
141,457.092816942432,151.973029134249,390.934153923318
142,450.214200251754,151.270145459356,398.515654288889
143,443.472481111822,150.468004799125,406.059514089051
144,436.868858645477,149.570279742546,413.560861611976
145,430.404194065556,148.580793297848,421.015012636596
146,424.07902769778,147.503494949462,428.417477352757
147,417.893596566314,146.342437334655,435.763966099029
148,411.847852354489,145.10175369245,443.050393953061
149,405.941479567535,143.785636215997,450.272884216467
150,400.173913739293,142.398315418444,457.427770842262
151,394.544359540386,140.944040601797,464.511599857816
152,389.051808660982,139.427061498671,471.521129840345
153,383.695057356786,137.851611138326,478.453331504887
154,378.472723562003,136.221889971013,485.305386466984
155,373.383263487473,134.542051269118,492.074685243408
156,368.424987635903,132.816187809133,498.758824554963
157,363.59607617955,131.048319825166,505.355603995283
158,358.894593657119,129.242384214185,511.863022128695
159,354.318502957887,127.402224963089,518.279272079023
160,349.865678571279,125.531584759265,524.602736669455
161,345.533919089061,123.63409773921,530.831983171728
162,341.320958954789,121.713283324914,536.965757720296
163,337.224479463671,119.772541092621,543.002979443707
164,333.242119020347,117.815146615493,548.942734364158
165,329.371482668025,115.844248218707,554.784269113267
166,325.610150907424,113.862864586341,560.526984506233
167,321.955687826776,111.873883156746,566.170429016477
168,318.405648566915,109.880059245174,571.71429218791
169,314.95758615011,107.884015827583,577.158398022306
170,311.609057697907,105.888243933673,582.502698368418
171,308.357630070396,103.895103583183,587.74726634642
172,305.200884955929,101.906825213441,592.892289830628
173,302.13642344307,99.9255115412028,597.938065015726
174,299.161870104836,97.9531398098305,602.884990085332
175,296.274876626066,95.9915643723538,607.733559001579
176,293.473125004003,94.042519564692,612.484355431304
177,290.754330351439,92.1076228262987,617.138046822261
178,288.116243330893,90.1883780283831,621.695378640723
179,285.556652247322,88.2861789727758,626.157168779901
180,283.07338482576,86.402313027381,630.524302146858
181,280.664309699083,84.5379648669606,634.797725433956
182,278.327337629909,82.6942202907139,638.978442079376
183,276.060422489383,80.8720700907279,643.067507419888
184,273.861562014317,79.0724139478446,647.066024037837
185,271.728798362857,77.2960643340267,650.975137303115
186,269.660218487766,75.5437504021426,654.79603111009
187,267.653954344926,73.8161218467714,658.529923808302
188,265.708182953707,72.1137527210949,662.178064325197
189,263.821126324551,70.4371451971286,665.741728478319
190,261.991051268052,68.7867332580853,669.222215473862
191,260.216269098777,67.1628863132811,672.620844587941
192,258.495135246016,65.5659127274772,675.938952026506
193,256.826048782694,63.9960632578695,679.177887959435
194,255.207451882784,62.4535343931627,682.339013724053
195,253.637829216673,60.9384715902726,685.423699193054
196,252.115707293152,59.4509724052106,688.433320301637
197,250.639653755916,57.9910895156094,691.369256728474
198,249.208276641767,56.558833633164,694.232889725068
199,247.820223607054,55.1541763049929,697.025600087952
200,246.474181128259,53.7770526035688,699.748766268171
201,245.16887368207,52.4273637054455,702.403762612483
202,243.903062909764,51.1049793595068,704.991957730728
203,242.67554677022,49.8097402459129,707.514712983866
204,241.485158685443,48.5414602272858,709.97338108727
205,240.330766682065,47.299928494015,712.369304823919
206,239.2112725319,46.0849116058517,714.703815862248
207,238.125610894276,44.8961554321767,716.978233673547
208,237.07274846259,43.7333869935276,719.193864543881
209,236.051683117178,42.5963162071365,721.352000675685
210,235.061443086366,41.4846375393478,723.453919374285
211,234.101086117329,40.3980315678836,725.500882314786
212,233.169698658133,39.3361664569946,727.494134884872
213,232.266395052167,38.298699348578,729.434905599254
214,231.390316745983,37.2852776723732,731.324405581643
215,230.540631511388,36.29554037835,733.163828110261
216,229.716532682492,35.3291190943985,734.954348223108
217,228.917238408301,34.3856392123998,736.697122379298
218,228.141990921283,33.4647209057408,738.393288172975
219,227.390055822291,32.5659800812711,740.043964096437
220,226.660721382053,31.6890292686195,741.650249349326
221,225.953297859437,30.8334784497947,743.213223690767
222,225.267116836568,29.9989358319387,744.733947331493
223,224.601530570824,29.1850085658788,746.213460863296
224,223.955911363692,28.3913034132054,747.652785223102
225,223.329650946379,27.6174273644197,749.052921689201
226,222.722159882083,26.8629882108441,750.414851907072
227,222.132866984733,26.1275950723786,751.739537942888
228,221.561218754012,25.4108588837527,753.027922362235
229,221.006678826434,24.7123928413463,754.280928332219
230,220.468727442219,24.0318128128706,755.49945974491
231,219.946860927691,23.3687377118925,756.684401360416
232,219.440591192914,22.7227898392348,757.83661896785
233,218.949445244261,22.0935951931651,758.956959562573
234,218.472964711594,21.480783750204,760.046251538201
235,218.010705389732,20.8839897183002,761.105304891967
236,217.562236793885,20.3028517640448,762.134911442069
237,217.127141728702,19.7370132155188,763.135845055778
238,216.705015870608,19.1861222422923,764.108861887099
239,216.295467363073,18.6498320140239,765.054700622902
240,215.898116424497,18.1278008390343,765.974082736468
241,215.51259496834,17.6196922841631,766.867712747496
242,215.138546235191,17.1251752771511,767.736278487656
243,214.775624436417,16.6439241927262,768.580451370856
244,214.423494409071,16.1756189235093,769.400886667419
245,214.081831281737,15.7199449368014,770.198223781461
246,213.750320150986,15.2765933182499,770.973086530763
247,213.428655768123,14.845260803346,771.72608342853
248,213.116542235924,14.4256497976451,772.45780796643
249,212.813692715057,14.017468386559,773.168838898383
250,212.51982913988,13.6204303355165,773.859740524603
251,212.234681943346,13.2342550812464,774.531062975407
252,211.957989790709,12.8586677148918,775.183342494399
253,211.689499321772,12.4933989576233,775.817101720604
254,211.428964901396,12.1381851293817,776.432849969222
255,211.176148378014,11.7927681113383,777.031083510647
256,210.930818849894,11.4568953026316,777.612285847473
257,210.692752438899,11.1303195718989,778.176927989201
258,210.461732071504,10.8127992040933,778.725468724402
259,210.237547266841,10.5040978430452,779.258354890113
260,210.019993931534,10.2039844301962,779.776021638269
261,209.808874161118,9.91223313990803,780.278892698973
262,209.603996047811,9.62862331172355,780.767380640465
263,209.405173494442,9.35293937992834,781.241887125629
264,209.212226034337,9.08497080074287,781.70280316492
265,209.024978656954,8.82451197744972,782.150509365596
266,208.843261639096,8.57136218374074,782.585376177162
267,208.666910381506,8.32532548554918,783.007764132944
268,208.495765250671,8.08621066161304,783.418024087715
269,208.329671425669,7.85383112299835,783.816497451332
270,208.168478749882,7.62800483179447,784.203516418322
271,208.012041587436,7.40855421917808,784.579404193385
272,207.860218684182,7.19530610302749,784.94447521279
273,207.712873033095,6.98809160525528,785.299035361649
274,207.569871743943,6.78674606901427,785.643382187042
275,207.431085917064,6.59110897591932,785.977805107016
276,207.296390521146,6.40102386341629,786.302585615437
277,207.16566427486,6.21633824241844,786.617997482721
278,207.038789532218,6.03690351532039,786.92430695246
279,206.915652171556,5.8625748944905,787.221772933953
280,206.796141487989,5.69321132133331,787.510647190677
281,206.68015008926,5.52867538600553,787.791174524734
282,206.567573794846,5.36883324786169,788.063592957292
283,206.458311538228,5.21355455669597,788.328133905075
284,206.352265272224,5.06271237484326,788.585022352932
285,206.249339877267,4.91618310019559,788.834477022536
286,206.149443072558,4.77384639018039,789.076710537261
287,206.052485329983,4.6355850867454,789.311929583271
288,205.95837979071,4.50128514238876,789.540335066901
289,205.867042184381,4.37083554726757,789.762122268351
290,205.77839075081,4.24412825741408,789.977480991775
291,205.692346164115,4.12105812408429,790.1865957118
292,205.608831459194,4.00152282426007,790.389645716545
293,205.527771960479,3.88542279232219,790.586805247198
294,205.449095212894,3.77266115290835,790.778243634197
295,205.372730914939,3.66314365496718,790.964125430093
296,205.298610853841,3.55677860701655,791.144610539141
297,205.226668842701,3.45347681361149,791.319854343687
298,205.156840659574,3.35315151302507,791.4900078274
299,205.089063988422,3.255718316143,791.655217695434
300,205.023278361876,3.16109514657085,791.815626491552
301,204.959425105759,3.06920218195085,791.971372712289
302,204.897447285303,2.97996179648357,792.122590918213
303,204.83728965301,2.89329850464806,792.269411842341
304,204.778898598114,2.80913890611284,792.411962495772
305,204.722222097578,2.72741163182857,792.550366270592
306,204.667209668591,2.64804729129228,792.684743040115
307,204.61381232251,2.57097842097182,792.815209256518
308,204.561982520201,2.49613943387824,792.94187804592
309,204.511674128749,2.42346657027316,793.064859300977
310,204.462842379468,2.35289784949701,793.184259771034
311,204.415443827201,2.28437302290385,793.300183149895
312,204.369436310838,2.21783352788742,793.412730161274
313,204.32477891505,2.15322244298283,793.521998641966
314,204.281431933162,2.09048444402777,793.628083622809
315,204.239356831164,2.02956576136664,793.731077407468
316,204.198516212799,1.9704141380808,793.831069649119
317,204.158873785715,1.9129787892278,793.928147425056
318,204.12039432863,1.85721036207216,794.022395309297
319,204.083043659491,1.80306089729024,794.113895443218
320,204.046788604595,1.75048379113147,794.202727604272
321,204.011596968635,1.69943375851817,794.288969272846
322,203.977437505648,1.64986679706612,794.372695697285
323,203.944279890838,1.60174015200805,794.453979957153
324,203.912094693248,1.55501228200217,794.532893024749
325,203.880853349244,1.50964282580792,794.609503824947
326,203.850528136807,1.46559256981124,794.683879293381
327,203.821092150582,1.42282341638158,794.756084433036
328,203.792519277687,1.38129835304328,794.826182369269
329,203.764784174239,1.34098142244364,794.894234403317
330,203.737862242584,1.30183769310063,794.960300064315
331,203.711729609211,1.26383323091298,795.024437159875
332,203.686363103322,1.22693507141575,795.086701825262
333,203.661740236045,1.19111119276459,795.14714857119
334,203.637839180267,1.15633048943219,795.2058303303
335,203.614638751071,1.12256274660056,795.262798502328
336,203.592118386749,1.08977861523297,795.318102998018
337,203.570258130393,1.05794958780976,795.371792281797
338,203.549038612024,1.02704797471223,795.423913413263
339,203.52844103126,0.997046881239387,795.4745120875
340,203.508447140495,0.96792018524213,795.523632674262
341,203.489039228584,0.939642515360247,795.571318256055
342,203.470200105007,0.912189229847338,795.617610665145
343,203.451913084511,0.885536395969395,795.662550519519
344,203.434161972201,0.859660769962848,795.706177257835
345,203.41693104908,0.834539777538223,795.748529173381
346,203.400205058015,0.810151494915796,795.789643447068
347,203.383969190119,0.786474630379884,795.8295561795
348,203.368209071543,0.763488506338707,795.868302422117
349,203.35291075065,0.74117304187698,795.905916207472
350,203.338060685578,0.719508735788685,795.942430578632
351,203.323645732167,0.698476650077724,795.977877617754
352,203.309653132247,0.678058393914408,796.012288473838
353,203.296070502266,0.658236108036006,796.045693389697
354,203.282885822265,0.638992449579813,796.078121728154
355,203.270087425173,0.620310577337491,796.109601997489
356,203.257663986415,0.602174137419626,796.140161876164
357,203.24560451384,0.584567249319747,796.169828236839
358,203.233898337931,0.567474492367272,796.198627169701
359,203.222535102319,0.550880892559086,796.226584005121
360,203.211504754566,0.534771909759702,796.253723335673
361,203.20079753723,0.519133425260194,796.280069037509
362,203.190403979185,0.503951729686306,796.305644291127
363,203.180314887204,0.489213511246395,796.330471601549
364,203.170521337786,0.474905844310058,796.354572817903
365,203.16101466923,0.461016178308545,796.37796915246
366,203.151786473936,0.447532326948255,796.400681199115
367,203.142828590936,0.434442457728836,796.422728951333
368,203.134133098651,0.421735081757613,796.44413181959
369,203.125692307849,0.409399043852274,796.464908648297
370,203.117498754824,0.397423512923953,796.48507773225
371,203.109545194768,0.385797972633034,796.504656832598
372,203.10182459534,0.374512212310207,796.523663192349
373,203.094330130425,0.36355631813548,796.542113551438
374,203.08705517408,0.352920664568057,796.56002416135
375,203.079993294651,0.342595906020152,796.577410799327
376,203.07313824907,0.332572968768012,796.594288782161
377,203.066483977316,0.322843043093567,796.610672979588
378,203.060024597045,0.313397575650327,796.626577827303
379,203.053754398368,0.304228262047281,796.642017339584
380,203.04766783879,0.295327039644747,796.657005121564
381,203.041759538299,0.286686080556256,796.671554381144
382,203.036024274594,0.278297784850721,796.685677940553
383,203.03045697846,0.270154773949294,796.699388247589
384,203.025052729268,0.262249884211464,796.712697386519
385,203.019806750624,0.254576160705084,796.725617088669
386,203.014714406131,0.247126851155166,796.738158742713
387,203.009771195279,0.239895400066423,796.750333404653
388,203.004972749467,0.232875443014667,796.762151807517
389,203.000314828123,0.2260608011023,796.773624370774
390,202.995793314955,0.219445475573276,796.78476120947
391,202.991404214303,0.213023642583025,796.795572143112
392,202.9871436476,0.20678964811896,796.806066704279
393,202.983007849939,0.200738003067304,796.816254146992
394,202.978993166737,0.194863378422092,796.82614345484
395,202.975096050501,0.189160600632312,796.835743348865
396,202.971313057689,0.183624647083272,796.845062295226
397,202.967640845659,0.178250641708367,796.854108512631
398,202.964076169711,0.173033850727549,796.86288997956
399,202.960615880214,0.16796967850888,796.871414441275
400,202.957256919822,0.163053663549673,796.879689416626
401,202.953996320765,0.15828147457381,796.88772220466
402,202.950831202222,0.153648906741909,796.895519891035
403,202.947758767775,0.149151877971131,796.903089354252
404,202.944776302933,0.144786425361489,796.910437271704
405,202.94188117273,0.140548701725611,796.917570125542
406,202.939070819395,0.136434972218993,796.924494208385
407,202.936342760086,0.132441611067874,796.931215628845
408,202.933694584697,0.128565098391923,796.937740316909
409,202.931123953727,0.124802017119027,796.944074029152
410,202.928628596206,0.121149049989536,796.950222353803
411,202.926206307689,0.117602976647389,796.956190715662
412,202.923854948307,0.114160670815634,796.961984380876
413,202.921572440874,0.110819097553916,796.967608461571
414,202.919356769048,0.107575310595564,796.973067920355
415,202.91720597555,0.104426449761996,796.978367574686
416,202.915118160434,0.101369738452217,796.983512101112
417,202.913091479404,0.0984024812052413,796.988506039389
418,202.911124142186,0.0955220613333346,796.993353796479
419,202.909214410941,0.0927259386240463,796.998059650433
420,202.907360598734,0.0900116471090331,797.002627754155
421,202.90556106804,0.0873767928977559,797.007062139061
422,202.903814229294,0.0848190520741716,797.01136671863
423,202.902118539489,0.0823361686546037,797.015545291855
424,202.90047250081,0.079925952605021,797.019601546583
425,202.898874659312,0.0775862779160089,797.02353906277
426,202.897323603631,0.0753150807337636,797.027361315633
427,202.895817963742,0.0731103575454892,797.031071678711
428,202.89435640974,0.0709701634176229,797.03467342684
429,202.892937650674,0.0688926102853592,797.038169739039
430,202.891560433398,0.0668758652919872,797.041563701308
431,202.890223541468,0.0649181491765976,797.044858309354
432,202.888925794064,0.0630177347087588,797.048056471225
433,202.88766604495,0.0611729451687993,797.05116100988
434,202.886443181456,0.0593821528723748,797.05417466567
435,202.8852561235,0.0576437777380356,797.057100098761
436,202.884103822628,0.055956285896546,797.059939891474
437,202.882985261093,0.0543181883407445,797.062696550564
438,202.881899450952,0.0527280396147687,797.065372509432
439,202.880845433193,0.0511844365415005,797.067970130264
440,202.879822276889,0.0496860169871225,797.070491706122
441,202.878829078375,0.0482314586617074,797.072939462962
442,202.877864960449,0.0468194779547935,797.075315561594
443,202.876929071597,0.045448828804929,797.077622099596
444,202.876020585241,0.0441183016021985,797.079861113155
445,202.875138699009,0.0428267221227719,797.082034578866
446,202.874282634024,0.0415729504945447,797.084144415479
447,202.873451634219,0.0403558801929295,797.086192485586
448,202.872644965665,0.0391744370661753,797.088180597267
449,202.871861915926,0.0380275783886217,797.090110505684
450,202.871101793429,0.0369142919425125,797.091983914626
451,202.870363926852,0.0358335951251419,797.093802478021
452,202.86964766453,0.0347845340834616,797.095567801385
453,202.868952373881,0.0337661828735809,797.097281443243
454,202.868277440848,0.0327776426445387,797.098944916506
455,202.867622269353,0.0318180408460523,797.100559689799
456,202.866986280774,0.0308865304594079,797.102127188765
457,202.866368913431,0.0299822892508171,797.103648797317
458,202.865769622092,0.029104519046582,797.105125858859
459,202.865187877492,0.0282524450294359,797.106559677477
460,202.86462316586,0.0274253150554397,797.107951519083
461,202.864074988473,0.0266223989908378,797.109302612535
462,202.863542861208,0.0258429880682881,797.110614150721
463,202.863026314122,0.0250863942619041,797.111887291614
464,202.862524891028,0.024351949680559,797.113123159289
465,202.8620381491,0.0236390059789194,797.114322844919
466,202.861565658478,0.0229469337856915,797.115487407735
467,202.861107001887,0.0222751221485777,797.116617875962
468,202.860661774273,0.0216229779954561,797.11771524773
469,202.860229582439,0.0209899256113095,797.118780491948
470,202.859810044705,0.0203754061304437,797.119814549163
471,202.859402790564,0.0197788770435503,797.120818332391
472,202.859007460358,0.0191998117191791,797.121792727921
473,202.858623704963,0.0186376989392008,797.122738596096
474,202.858251185473,0.0180920424478506,797.123656772077
475,202.857889572909,0.0175623605139567,797.124548066575
476,202.857538547923,0.017048185505969,797.125413266569
477,202.857197800518,0.0165490634794135,797.126253136001
478,202.856867029774,0.0160645537764099,797.127068416448
479,202.856545943581,0.0155942286369004,797.12785982778
480,202.856234258384,0.0151376728212472,797.128628068793
481,202.855931698929,0.0146944832438669,797.129373817825
482,202.855637998021,0.0142642686175793,797.130097733359
483,202.855352896291,0.0138466491083573,797.130800454599
484,202.855076141961,0.0134412560001748,797.131482602037
485,202.854807490628,0.0130477313696571,797.132144778001
486,202.854546705043,0.012665727770247,797.132787567185
487,202.854293554905,0.0122949079256089,797.133411537167
488,202.854047816656,0.0119349444320019,797.134017238911
489,202.853809273282,0.0115855194693577,797.134605207247
490,202.853577714125,0.0112463245208111,797.135175961352
491,202.853352934695,0.0109170601004342,797.135730005203
492,202.853134736489,0.010597435488936,797.136267828021
493,202.852922926815,0.0102871684770935,797.136789904707
494,202.852717318624,0.00998598511668927,797.137296696258
495,202.852517730344,0.00969361947873484,797.137788650175
496,202.852323985719,0.00940981341876822,797.138266200861
497,202.852135913653,0.00913431634901778,797.138729769996
498,202.851953348061,0.00886688501723216,797.13917976692
499,202.851776127719,0.00860728329198127,797.139616588987
500,202.851604096126,0.00835528195423911,797.140040621918
501,202.85143710136,0.00811065849506475,797.140452240143
502,202.85127499595,0.00787319691920321,797.140851807129
503,202.851117636742,0.00764268755443297,797.141239675702
504,202.850964884773,0.00741892686649231,797.141616188358
505,202.850816605149,0.00720171727942107,797.14198167757
506,202.850672666926,0.00699086700115964,797.142336466071
507,202.850532942992,0.00678618985425134,797.142680867152
508,202.85039730996,0.00658750511149895,797.143015184927
509,202.850265648053,0.00639463733643047,797.143339714609
510,202.850137841001,0.00620741622843352,797.143654742769
511,202.850013775941,0.00602567647242171,797.143960547585
512,202.849893343311,0.00584925759290051,797.144257399094
513,202.849776436759,0.00567800381230388,797.144545559427
514,202.849662953047,0.00551176391347672,797.144825283038
515,202.849552791959,0.00535039110618196,797.145096816933
516,202.849445856212,0.00519374289751436,797.145360400889
517,202.849342051373,0.00504168096610702,797.145616267659
518,202.849241285775,0.00489407104001926,797.145864643183
519,202.849143470432,0.00475078277819859,797.146105746788
520,202.849048518965,0.00461168965541186,797.146339791378
521,202.848956347524,0.00447666885054429,797.146566983623
522,202.848866874715,0.00434560113816776,797.146787524146
523,202.848780021524,0.00421837078328275,797.147001607691
524,202.848695711254,0.00409486543914101,797.147209423305
525,202.848613869451,0.00397497604805893,797.147411154499
526,202.848534423843,0.00385859674513394,797.14760697941
527,202.848457304273,0.00374562476477921,797.14779707096
528,202.848382442638,0.00363596034999391,797.14798159701
529,202.848309772828,0.00352950666428929,797.148160720506
530,202.848239230671,0.00342616970619257,797.148334599621
531,202.848170753873,0.00332585822625349,797.148503387899
532,202.848104281962,0.00322848364647999,797.14866723439
533,202.848039756238,0.00313395998213221,797.148826283778
534,202.847977119722,0.0030422037658056,797.148980676511
535,202.847916317098,0.00295313397373626,797.149130548927
536,202.847857294674,0.0028666719542634,797.14927603337
537,202.847800000329,0.00278274135838591,797.149417258311
538,202.847744383466,0.00270126807235158,797.149554348459
539,202.847690394973,0.00262218015221966,797.149687424873
540,202.847637987172,0.00254540776033884,797.149816605065
541,202.847587113784,0.0024708831036848,797.14994200311
542,202.847537729884,0.00239854037400267,797.15006372974
543,202.847489791861,0.00232831568970176,797.150181892447
544,202.847443257384,0.00226014703945118,797.150296595575
545,202.847398085357,0.00219397422742657,797.150407940414
546,202.847354235891,0.00212973882015972,797.150516025287
547,202.847311670264,0.002067384094944,797.15062094564
548,202.847270350886,0.00200685498975018,797.150722794123
549,202.84723024127,0.00194809805460841,797.150821660674
550,202.847191305995,0.00189106140441343,797.150917632599
551,202.84715351068,0.00183569467311134,797.151010794645
552,202.847116821947,0.00178194896922757,797.151101229082
553,202.847081207398,0.00172977683269666,797.151189015768
554,202.847046635582,0.00167913219295587,797.151274232223
555,202.847013075971,0.00162997032796431,797.1513569537
556,202.846980498928,0.00158224782622036,797.151437253244
557,202.846948875685,0.00153592254516576,797.151515201769
558,202.846918178316,0.00149095357711081,797.151590868105
559,202.846888379714,0.00144730121273451,797.151664319072
560,202.846859453564,0.00140492690476189,797.15173561953
561,202.846831374322,0.00136379323442187,797.151804832442
562,202.846804117192,0.00132386387847305,797.151872018928
563,202.846777658105,0.00128510357712827,797.151937238316
564,202.846751973694,0.00124747810292044,797.152000548201
565,202.846727041279,0.00121095423047946,797.152062004489
566,202.846702838843,0.0011754997071939,797.152121661449
567,202.846679345012,0.00114108322473157,797.152179571762
568,202.84665653904,0.00110767439139393,797.152235786567
569,202.846634400788,0.00107524370527973,797.152290355506
570,202.846612910705,0.00104376252823439,797.152343326765
571,202.846592049816,0.00101320306056203,797.152394747122
572,202.846571799697,0.000983538316477762,797.152444661985
573,202.846552142468,0.000954742100278739,797.152493115431
574,202.846533060767,0.000926788983212741,797.152540150248
575,202.846514537747,0.000899654281024007,797.152585807971
576,202.846496557048,0.000873314032156417,797.152630128918
577,202.846479102793,0.00084774497659482,797.152673152229
578,202.846462159569,0.000822924535325796,797.152714915894
579,202.846445712413,0.000798830790399746,797.152755456795
580,202.846429746801,0.00077544246557668,797.152794810732
581,202.846414248635,0.000752738907538641,797.152833012456
582,202.846399204229,0.000730700067652156,797.152870095702
583,202.846384600296,0.000709306484264623,797.152906093218
584,202.846370423942,0.000688539265519004,797.152941036792
585,202.846356662646,0.000668380072671642,797.15297495728
586,202.846343304258,0.000648811103898477,797.153007884637
587,202.84633033698,0.000629815078575373,797.15303984794
588,202.846317749361,0.000611375222018656,797.153070875415
589,202.846305530286,0.000593475250672411,797.153100994462
590,202.846293668965,0.000576099357729437,797.153130231676
591,202.846282154922,0.000559232199173195,797.153158612877
592,202.846270977991,0.000542858880228386,797.153186163128
593,202.846260128301,0.000526964942208228,797.153212906756
594,202.84624959627,0.000511536349746804,797.153238867378
595,202.8462393726,0.000496559478405208,797.15326406792
596,202.846229448261,0.000482021102640544,797.153288530635
597,202.846219814489,0.000467908384127172,797.153312277126
598,202.846210462777,0.000454208860419855,797.153335328361
599,202.846201384867,0.000440910433948837,797.153357704697
600,202.846192572743,0.000428001361337102,797.153379425895
601,202.846184018622,0.000415470243030399,797.153400511134
602,202.846175714951,0.000403306013230875,797.153420979034
603,202.846167654397,0.000391497930125418,797.153440847671
604,202.846159829842,0.000380035566400095,797.15346013459
605,202.846152234377,0.000368908800032295,797.153478856822
606,202.846144861293,0.000358107805352466,797.1534970309
607,202.846137704081,0.000347623044367526,797.153514672873
608,202.846130756419,0.000337445258338316,797.153531798321
609,202.846124012173,0.000327565459603636,797.153548422366
610,202.846117465386,0.00031797492364366,797.153564559689
611,202.846111110278,0.000308665181375702,797.153580224539
612,202.846104941237,0.000299628011675561,797.15359543075
613,202.846098952814,0.000290855434117805,797.153610191751
614,202.846093139722,0.000282339701928617,797.153624520575
615,202.846087496827,0.000274073295144953,797.153638429877
616,202.846082019146,0.000266048913973991,797.153651931939
617,202.846076701842,0.000258259472346996,797.153665038684
618,202.846071540219,0.000250698091661918,797.153677761687
619,202.84606652972,0.000243358094709183,797.153690112183
620,202.84606166592,0.000236232999775335,797.153702101079
621,202.846056944523,0.000229316514919295,797.15371373896
622,202.84605236136,0.000222602532416214,797.153725036106
623,202.846047912385,0.000216085123363987,797.15373600249
624,202.846043593667,0.000209758532447677,797.153746647799
625,202.846039401394,0.000203617172857231,797.153756981431
626,202.846035331864,0.000197655621353986,797.153767012513
627,202.846031381482,0.000191868613481627,797.153776749903
628,202.846027546761,0.000186251038917344,797.153786202199
629,202.846023824313,0.000180797936959111,797.153795377748
630,202.846020210849,0.000175504486687389,797.153804284663
631,202.846016703188,0.000170366030002405,797.153812930781
632,202.846013298224,0.000165378016558231,797.153821323758
633,202.846009992952,0.000160536045027129,797.153829471001
634,202.846006784453,0.000155835837667365,797.153837379708
635,202.846003669893,0.000151273243896954,797.153845056861
636,202.846000646522,0.000146844234642464,797.153852509242
637,202.84599771167,0.000142544898792519,797.15385974343
638,202.845994862745,0.000138371439746114,797.153866765814
639,202.845992097231,0.00013432017205966,797.153873582595
640,202.845989412687,0.000130387518192514,797.153880199793
641,202.845986806742,0.000126570005347783,797.153886623251
642,202.845984277094,0.000122864262405636,797.153892858642
643,202.845981821509,0.000119267016946388,797.153898911472
644,202.84597943782,0.000115775092360755,797.153904787086
645,202.845977123921,0.000112385405044703,797.153910490673
646,202.845974877768,0.000109094961676437,797.153916027268
647,202.845972697379,0.000105900856573104,797.153921401762
648,202.845970580828,0.000102800269124895,797.153926618901
649,202.845968526246,9.9790461304267e-05,797.153931683291
650,202.845966531818,9.68687752480894e-05,797.153936599405
651,202.845964595784,9.40326309105827e-05,797.153941371583
652,202.845962716433,9.12795237849735e-05,797.153946004041
653,202.845960892106,8.8607022691854e-05,797.153950500869
654,202.845959121193,8.60127676322954e-05,797.153954866038
655,202.845957402128,8.34944677038171e-05,797.153959103402
656,202.845955733395,8.10498990773719e-05,797.153963216704
657,202.845954113519,7.86769030335622e-05,797.153967209576
658,202.84595254107,7.6373384056351e-05,797.153971085544
659,202.84595101466,7.41373079825853e-05,797.15397484803
660,202.84594953294,7.19667002056986e-05,797.153978500358
661,202.845948094603,6.98596439320049e-05,797.153982045751
662,202.845946698377,6.78142784880448e-05,797.153985487342
663,202.845945343031,6.58287976774904e-05,797.15398882817
664,202.845944027366,6.3901448186155e-05,797.153992071184
665,202.845942750222,6.20305280337029e-05,797.153995219248
666,202.84594151047,6.02143850706891e-05,797.153998275143
667,202.845940307016,5.84514155196028e-05,797.154001241566
668,202.845939138798,5.6740062558627e-05,797.154004121138
669,202.845938004782,5.5078814946862e-05,797.154006916401
670,202.845936903968,5.34662056898008e-05,797.154009629824
671,202.845935835385,5.19008107438757e-05,797.154012263803
672,202.845934798087,5.03812477589343e-05,797.154014820663
673,202.84593379116,4.89061748575329e-05,797.154017302663
674,202.845932813714,4.74742894499699e-05,797.154019711995
675,202.845931864885,4.60843270840128e-05,797.154022050786
676,202.845930943837,4.47350603283033e-05,797.154024321101
677,202.845930049755,4.34252976884537e-05,797.154026524945
678,202.84592918185,4.21538825548785e-05,797.154028664265
679,202.845928339357,4.09196921814312e-05,797.154030740949
680,202.845927521529,3.97216366939446e-05,797.154032756832
681,202.845926727647,3.85586581277993e-05,797.154034713693
682,202.845925957008,3.74297294936706e-05,797.154036613261
683,202.845925208931,3.63338538706285e-05,797.154038457213
684,202.845924482757,3.52700635257896e-05,797.154040247177
685,202.845923777845,3.42374190597446e-05,797.154041984734
686,202.84592309357,3.32350085770055e-05,797.154043671419
687,202.84592242933,3.22619468807414e-05,797.154045308721
688,202.845921784538,3.13173746910897e-05,797.154046898085
689,202.845921158624,3.04004578863548e-05,797.154048440916
690,202.845920550952,2.95102632492817e-05,797.154049938783
691,202.845919961237,2.86463752978549e-05,797.154051392386
692,202.845919388664,2.78075988987876e-05,797.154052803735
693,202.845918832857,2.69933822629963e-05,797.154054173759
694,202.845918293323,2.62030062262929e-05,797.154055503669
695,202.845917769588,2.54357726856565e-05,797.154056794638
696,202.845917261187,2.46910040205062e-05,797.154058047807
697,202.845916767673,2.39680424512475e-05,797.154059264283
698,202.845916288609,2.32662494582947e-05,797.15406044514
699,202.845915823572,2.25850052181403e-05,797.154061591421
700,202.845915372151,2.19237080559278e-05,797.154062704139
701,202.845914933949,2.12817739140529e-05,797.154063784276
702,202.845914508577,2.0658635836324e-05,797.154064832786
703,202.84591409566,2.00537434672277e-05,797.154065850595
704,202.845913694833,1.94665625658546e-05,797.154066838602
705,202.845913305743,1.88965745340586e-05,797.154067797681
706,202.845912928046,1.8343275958431e-05,797.154068728677
707,202.845912561407,1.78061781656868e-05,797.154069632413
708,202.845912205504,1.72848067910679e-05,797.154070509687
709,202.845911860022,1.67787013593852e-05,797.154071361275
710,202.845911524656,1.62874148783271e-05,797.154072187928
711,202.845911199109,1.58105134436757e-05,797.154072990376
712,202.845910883095,1.53475758560835e-05,797.154073769328
713,202.845910576333,1.489819324907e-05,797.154074525472
714,202.845910278554,1.44619687279111e-05,797.154075259476
715,202.845909989494,1.40385170191019e-05,797.154075971988
716,202.845909708897,1.36274641300835e-05,797.154076663637
717,202.845909436517,1.32284470189328e-05,797.154077335035
718,202.845909172111,1.2841113273724e-05,797.154077986774
719,202.845908915448,1.24651208012788e-05,797.154078619429
720,202.8459086663,1.21001375250294e-05,797.154079233561
721,202.845908424447,1.17458410917292e-05,797.15407982971
722,202.845908189676,1.14019185867501e-05,797.154080408404
723,202.845907961779,1.10680662577166e-05,797.154080970153
724,202.845907740554,1.07439892462317e-05,797.154081515455
725,202.845907525808,1.04294013274582e-05,797.154082044789
726,202.845907317349,1.0124024657325e-05,797.154082558625
727,202.845907114994,9.82758952713519e-06,797.154083057415
728,202.845906918564,9.53983412535957e-06,797.154083541601
729,202.845906727885,9.26050430640466e-06,797.154084011609
730,202.84590654279,8.98935336615142e-06,797.154084467855
731,202.845906363114,8.72614182406626e-06,797.154084910743
732,202.845906188699,8.47063721169186e-06,797.154085340662
733,202.845906019391,8.2226138673311e-06,797.154085757993
734,202.845905855041,7.98185273674271e-06,797.154086163105
735,202.845905695503,7.74814117967258e-06,797.154086556355
736,202.845905540636,7.52127278204995e-06,797.15408693809
737,202.845905390303,7.30104717368253e-06,797.154087308648
738,202.845905244373,7.08726985128961e-06,797.154087668355
739,202.845905102715,6.87975200671675e-06,797.154088017531
740,202.845904965205,6.67831036018048e-06,797.154088356483
741,202.845904831722,6.48276699839562e-06,797.15408868551
742,202.845904702147,6.29294921744227e-06,797.154089004902
743,202.845904576366,6.10868937023374e-06,797.154089314943
744,202.845904454268,5.92982471845067e-06,797.154089615906
745,202.845904335745,5.75619728881056e-06,797.154089908056
746,202.845904220692,5.58765373354578e-06,797.154090191653
747,202.845904109008,5.42404519496682e-06,797.154090466945
748,202.845904000594,5.26522717399122e-06,797.154090734177
749,202.845903895355,5.11105940252198e-06,797.154090993584
750,202.845903793197,4.96140571956275e-06,797.154091245396
751,202.84590369403,4.81613395096053e-06,797.154091489834
752,202.845903597767,4.67511579266936e-06,797.154091727115
753,202.845903504323,4.53822669743227e-06,797.154091957449
754,202.845903413615,4.40534576478112e-06,797.154092181038
755,202.845903325562,4.27635563425731e-06,797.15409239808
756,202.845903240088,4.15114238175902e-06,797.154092608768
757,202.845903157117,4.02959541892345e-06,797.154092813286
758,202.845903076575,3.91160739545518e-06,797.154093011816
759,202.845902998391,3.79707410431441e-06,797.154093204533
760,202.845902922497,3.68589438968125e-06,797.154093391607
761,202.845902848824,3.57797005761496e-06,797.154093573204
762,202.845902777309,3.473205789329e-06,797.154093749483
763,202.845902707888,3.37150905700553e-06,797.154093920601
764,202.8459026405,3.27279004207481e-06,797.154094086709
765,202.845902575084,3.17696155588744e-06,797.154094247953
766,202.845902511585,3.08393896270935e-06,797.154094404475
767,202.845902449944,2.99364010497149e-06,797.154094556414
768,202.845902390108,2.9059852307083e-06,797.154094703905
769,202.845902332025,2.82089692312076e-06,797.154094847077
770,202.845902275642,2.73830003220183e-06,797.154094986057
771,202.845902220909,2.65812160836403e-06,797.154095120967
772,202.84590216778,2.58029083801028e-06,797.154095251928
773,202.845902116206,2.50473898099139e-06,797.154095379053
774,202.845902066142,2.43139930989474e-06,797.154095502457
775,202.845902017544,2.36020705111059e-06,797.154095622247
776,202.84590197037,2.29109932762406e-06,797.15409573853
777,202.845901924576,2.22401510348215e-06,797.154095851407
778,202.845901880123,2.15889512988675e-06,797.15409596098
779,202.845901836972,2.09568189286612e-06,797.154096067344
780,202.845901795084,2.03431956247853e-06,797.154096170594
781,202.845901754423,1.97475394350325e-06,797.154096270821
782,202.845901714952,1.91693242757537e-06,797.154096368113
783,202.845901676638,1.860803946722e-06,797.154096462557
784,202.845901639445,1.80631892825913e-06,797.154096554235
785,202.845901603341,1.75342925100894e-06,797.154096643229
786,202.845901568294,1.70208820279924e-06,797.154096729617
787,202.845901534273,1.65225043920724e-06,797.154096813475
788,202.845901501248,1.60387194351135e-06,797.154096894878
789,202.845901469191,1.55690998781562e-06,797.154096973898
790,202.845901438072,1.51132309531245e-06,797.154097050604
791,202.845901407864,1.46707100365028e-06,797.154097125063
792,202.845901378541,1.42411462937385e-06,797.154097197343
793,202.845901350076,1.38241603340571e-06,797.154097267506
794,202.845901322445,1.34193838753842e-06,797.154097335615
795,202.845901295623,1.30264594190786e-06,797.15409740173
796,202.845901269586,1.26450399341895e-06,797.154097465909
797,202.845901244312,1.2274788550959e-06,797.154097528208
798,202.845901219777,1.19153782632981e-06,797.154097588684
799,202.845901195961,1.15664916399755e-06,797.154097647388
800,202.845901172843,1.12278205442618e-06,797.154097704374
801,202.845901150401,1.08990658617833e-06,797.154097759691
802,202.845901128616,1.05799372363445e-06,797.154097813389
803,202.845901107469,1.02701528134845e-06,797.154097865514
804,202.845901086942,9.96943899154436e-07,797.154097916113
805,202.845901067015,9.67753018002097e-07,797.154097965231
806,202.845901047672,9.39416856499814e-07,797.15409801291
807,202.845901028895,9.11910388144506e-07,797.154098059193
808,202.845901010669,8.85209319218224e-07,797.154098104121
809,202.845900992975,8.59290067331935e-07,797.154098147733
810,202.8459009758,8.34129740597552e-07,797.154098190069
811,202.845900959128,8.09706117409818e-07,797.154098231165
812,202.845900942944,7.85997626820175e-07,797.154098271057
813,202.845900927234,7.62983329485305e-07,797.154098309782
814,202.845900911983,7.40642899173492e-07,797.154098347372
815,202.84590089718,7.18956604812499e-07,797.154098383862
816,202.845900882809,6.97905293063075e-07,797.154098419284
817,202.84590086886,6.77470371402727e-07,797.154098453669
818,202.845900855319,6.57633791704796e-07,797.154098487046
819,202.845900842175,6.38378034298356e-07,797.154098519446
820,202.845900829415,6.19686092494831e-07,797.154098550898
821,202.845900817029,6.0154145756769e-07,797.154098581429
822,202.845900805005,5.83928104171931e-07,797.154098611065
823,202.845900793334,5.66830476190501e-07,797.154098639834
824,202.845900782004,5.50233472995124e-07,797.154098667761
825,202.845900771007,5.34122436109428e-07,797.15409869487
826,202.845900760331,5.18483136262576e-07,797.154098721185
827,202.845900749968,5.03301760821967e-07,797.154098746729
828,202.845900739908,4.88564901593922e-07,797.154098771526
829,202.845900730142,4.74259542981564e-07,797.154098795597
830,202.845900720663,4.60373050489436e-07,797.154098818962
831,202.845900711461,4.46893159564719e-07,797.154098841644
832,202.845900702529,4.33807964765173e-07,797.154098863662
833,202.845900693858,4.21105909244248e-07,797.154098885035
834,202.845900685441,4.08775774544077e-07,797.154098905781
835,202.845900677271,3.96806670687331e-07,797.154098925921
836,202.84590066934,3.85188026559189e-07,797.154098945471
837,202.845900661641,3.73909580570929e-07,797.154098964448
838,202.845900654167,3.62961371596888e-07,797.15409898287
839,202.845900646912,3.52333730176798e-07,797.154099000753
840,202.84590063987,3.42017269975712e-07,797.154099018111
841,202.845900633034,3.32002879493998e-07,797.154099034962
842,202.845900626398,3.22281714020053e-07,797.154099051319
843,202.845900619956,3.12845187818658e-07,797.154099067197
844,202.845900613703,3.03684966548055e-07,797.15409908261
845,202.845900607633,2.94792959899049e-07,797.154099097572
846,202.845900601741,2.86161314449654e-07,797.154099112096
847,202.845900596022,2.77782406728941e-07,797.154099126195
848,202.845900590469,2.69648836483993e-07,797.154099139881
849,202.84590058508,2.61753420143998e-07,797.154099153166
850,202.845900579848,2.54089184475718e-07,797.154099166062
851,202.845900574769,2.46649360424727e-07,797.15409917858
852,202.845900569839,2.39427377136985e-07,797.154099190732
853,202.845900565054,2.32416856155452e-07,797.154099202528
854,202.845900560408,2.2561160578664e-07,797.154099213979
855,202.845900555899,2.19005615632104e-07,797.154099225094
856,202.845900551521,2.12593051280059e-07,797.154099235884
857,202.845900547272,2.06368249152424e-07,797.154099246358
858,202.845900543147,2.00325711502755e-07,797.154099256526
859,202.845900539143,1.94460101560623e-07,797.154099266395
860,202.845900535257,1.88766238818191e-07,797.154099275976
861,202.845900531484,1.83239094454778e-07,797.154099285276
862,202.845900527821,1.77873786895408e-07,797.154099294304
863,202.845900524266,1.726655774994e-07,797.154099303067
864,202.845900520815,1.67609866375205e-07,797.154099311574
865,202.845900517464,1.62702188317774e-07,797.154099319832
866,202.845900514212,1.57938208864891e-07,797.154099327848
867,202.845900511056,1.53313720468976e-07,797.15409933563
868,202.845900507991,1.48824638780978e-07,797.154099343183
869,202.845900505017,1.44466999043075e-07,797.154099350515
870,202.845900502129,1.40236952587002e-07,797.154099357633
871,202.845900499326,1.36130763434905e-07,797.154099364542
872,202.845900496605,1.32144804999724e-07,797.154099371249
873,202.845900493964,1.28275556882192e-07,797.15409937776
874,202.8459004914,1.24519601761618e-07,797.154099384079
875,202.845900488911,1.20873622377705e-07,797.154099390214
876,202.845900486495,1.17334398600751e-07,797.154099396169
877,202.84590048415,1.13898804587626e-07,797.15409940195
878,202.845900481873,1.10563806021026e-07,797.154099407562
879,202.845900479663,1.07326457429566e-07,797.154099413009
880,202.845900477518,1.04183899586338e-07,797.154099418297
881,202.845900475436,1.01133356983641e-07,797.15409942343
882,202.845900473414,9.81721353816531e-08,797.154099428412
883,202.845900471452,9.5297619428876e-08,797.154099433249
884,202.845900469547,9.25072703522587e-08,797.154099437944
885,202.845900467698,8.97986237149514e-08,797.154099442502
886,202.845900465904,8.71692872397145e-08,797.154099446926
887,202.845900464161,8.46169386960589e-08,797.154099451221
888,202.84590046247,8.21393238492518e-08,797.154099455389
889,202.845900460828,7.97342544693759e-08,797.154099459436
890,202.845900459234,7.73996063986845e-08,797.154099463365
891,202.845900457687,7.51333176755446e-08,797.154099467178
892,202.845900456186,7.29333867133127e-08,797.15409947088
893,202.845900454728,7.07978615488988e-08,797.154099474473
894,202.845900453313,6.87245673632552e-08,797.154099477961
895,202.845900451919,6.6683279680297e-08,797.154099481396
896,202.845900450606,6.4758941194456e-08,797.154099484634
897,202.84590044933,6.28901350493112e-08,797.154099487779
898,202.845900448091,6.10752586989289e-08,797.154099490832
899,202.845900446888,5.93127558434383e-08,797.154099493798
900,202.845900445719,5.76011150944928e-08,797.154099496678
901,202.845900444585,5.59388686792184e-08,797.154099499475
902,202.845900443483,5.43245911815635e-08,797.154099502191
903,202.845900442413,5.27568983199704e-08,797.154099504829
904,202.845900441373,5.12344457603208e-08,797.154099507391
905,202.845900440364,4.97559279631371e-08,797.154099509879
906,202.845900439384,4.83200770640512e-08,797.154099512295
907,202.845900438432,4.69256617865804e-08,797.154099514641
908,202.845900437508,4.55714863862785e-08,797.154099516919
909,202.84590043661,4.42563896253561e-08,797.154099519132
910,202.845900435738,4.29792437768916e-08,797.154099521281
911,202.845900434891,4.17389536577784e-08,797.154099523368
912,202.845900434069,4.05344556895792e-08,797.154099525395
913,202.845900433271,3.9364716986482e-08,797.154099527363
914,202.845900432495,3.82287344695757e-08,797.154099529274
915,202.845900431742,3.71255340066863e-08,797.154099531131
916,202.845900431011,3.60541695770353e-08,797.154099532933
917,202.845900430301,3.50137224600277e-08,797.154099534684
918,202.845900429611,3.40033004473536e-08,797.154099536384
919,202.845900428941,3.30220370779739e-08,797.154099538035
920,202.84590042829,3.20690908950835e-08,797.154099539639
921,202.845900427659,3.11436447245417e-08,797.154099541196
922,202.845900427045,3.02449049741263e-08,797.154099542708
923,202.845900426449,2.93721009530086e-08,797.154099544177
924,202.845900425871,2.85244842108685e-08,797.154099545603
925,202.845900425309,2.77013278960795e-08,797.154099546988
926,202.845900424763,2.69019261324168e-08,797.154099548333
927,202.845900424233,2.6125593413751e-08,797.154099549639
928,202.845900423719,2.53716640162106e-08,797.154099550908
929,202.845900423219,2.46394914273077e-08,797.15409955214
930,202.845900422733,2.39284477915381e-08,797.154099553336
931,202.845900422262,2.32379233719802e-08,797.154099554498
932,202.845900421804,2.25673260274309e-08,797.154099555626
933,202.84590042136,2.19160807046306e-08,797.154099556722
934,202.845900420928,2.12836289451409e-08,797.154099557786
935,202.845900420509,2.06694284064536e-08,797.15409955882
936,202.845900420102,2.00729523969187e-08,797.154099559824
937,202.845900419706,1.94936894240926e-08,797.154099560798
938,202.845900419322,1.89311427561248e-08,797.154099561745
939,202.845900418949,1.83848299957947e-08,797.154099562664
940,202.845900418587,1.78542826668458e-08,797.154099563557
941,202.845900418235,1.73390458122557e-08,797.154099564424
942,202.845900417894,1.68386776041004e-08,797.154099565266
943,202.845900417562,1.63527489646753e-08,797.154099566083
944,202.84590041724,1.58808431985516e-08,797.154099566877
945,202.845900416927,1.54225556352495e-08,797.154099567648
946,202.845900416623,1.49774932822241e-08,797.154099568397
947,202.845900416328,1.45452744878642e-08,797.154099569125
948,202.845900416042,1.41255286142176e-08,797.154099569831
949,202.845900415763,1.37178957191596e-08,797.154099570517
950,202.845900415493,1.33220262477346e-08,797.154099571183
951,202.845900415231,1.29375807324039e-08,797.15409957183
952,202.845900414976,1.25642295019443e-08,797.154099572458
953,202.845900414728,1.22016523987474e-08,797.154099573068
954,202.845900414488,1.18495385042765e-08,797.154099573661
955,202.845900414255,1.15075858724464e-08,797.154099574236
956,202.845900414028,1.11755012706978e-08,797.154099574795
957,202.845900413808,1.08529999285418e-08,797.154099575337
958,202.845900413594,1.05398052933666e-08,797.154099575864
959,202.845900413386,1.02356487932827e-08,797.154099576376
960,202.845900413185,9.94026960681757e-09,797.154099576873
961,202.845900412989,9.65341443925515e-09,797.154099577356
962,202.845900412799,9.37483730542927e-09,797.154099577825
963,202.845900412614,9.1042993187857e-09,797.15409957828
964,202.845900412435,8.84156848653118e-09,797.154099578722
965,202.845900412261,8.58641951069404e-09,797.154099579151
966,202.845900412091,8.33863359492579e-09,797.154099579568
967,202.845900411927,8.09799825687803e-09,797.154099579973
968,202.845900411768,7.86430714599378e-09,797.154099580366
969,202.845900411613,7.63735986655688e-09,797.154099580748
970,202.845900411462,7.41696180584794e-09,797.154099581119
971,202.845900411316,7.20292396725923e-09,797.154099581479
972,202.845900411174,6.99506280822561e-09,797.154099581829
973,202.845900411036,6.79320008283235e-09,797.154099582168
974,202.845900410903,6.59716268896501e-09,797.154099582498
975,202.845900410773,6.40678251987027e-09,797.154099582819
976,202.845900410647,6.22189632000032e-09,797.15409958313
977,202.845900410524,6.04234554501888e-09,797.154099583432
978,202.845900410405,5.86797622584094e-09,797.154099583725
979,202.845900410289,5.69863883660538e-09,797.15409958401
980,202.845900410177,5.53418816645135e-09,797.154099584287
981,202.845900410068,5.37448319499646e-09,797.154099584556
982,202.845900409962,5.21938697140847e-09,797.154099584817
983,202.845900409859,5.06876649696662e-09,797.15409958507
984,202.84590040976,4.9224926110121e-09,797.154099585316
985,202.845900409663,4.78043988018966e-09,797.154099585555
986,202.845900409568,4.64248649088554e-09,797.154099585787
987,202.845900409477,4.50851414476934e-09,797.154099586013
988,202.845900409388,4.37840795735041e-09,797.154099586232
989,202.845900409302,4.25205635946164e-09,797.154099586444
990,202.845900409218,4.12935100158623e-09,797.154099586651
991,202.845900409137,4.01018666094539e-09,797.154099586851
992,202.845900409058,3.89446115126728e-09,797.154099587046
993,202.845900408981,3.78207523515985e-09,797.154099587235
994,202.845900408907,3.67293253901242e-09,797.154099587419
995,202.845900408834,3.56693947035295e-09,797.154099587597
996,202.845900408764,3.46400513759033e-09,797.15409958777
997,202.845900408696,3.36404127207209e-09,797.154099587939
998,202.845900408629,3.26696215239353e-09,797.154099588102
999,202.845900408565,3.17268453088793e-09,797.15409958826
1000,202.845900408503,3.08112756224028e-09,797.154099588415
